"","IP","X_","audio","condition","experimentName","item","response1","response1_time","sound1","time","trialnumber","userCode","userFileName","view"
"1","62.176.19.146",1418391851051,"undefined","","HSElist4Dec12","","",NA,NA,2014-12-12 05:44:11,1,"HGM1",1,"undefined"
"2","62.176.19.146",1418391852153,"undefined","","HSElist4Dec12","","",NA,NA,2014-12-12 05:44:12,2,"HGM1",1,"undefined"
"3","62.176.19.146",1418391861427,"undefined","","HSElist4Dec12","","",NA,1,2014-12-12 05:44:21,3,"HGM1",1,"undefined"
"4","66.249.81.151",1418394285217,"undefined","","HSElist4Dec12","","",NA,NA,2014-12-12 06:24:44,1,"DJA2",2,"undefined"
"5","66.249.81.151",1418394289094,"undefined","","HSElist4Dec12","","",NA,NA,2014-12-12 06:24:48,2,"DJA2",2,"undefined"
"6","213.87.135.121",1418396137300,"undefined","","HSElist4Dec12","","",NA,NA,2014-12-12 06:55:15,1,"EYF3",3,"undefined"
"7","213.87.135.121",1418396183166,"undefined","","HSElist4Dec12","","",NA,NA,2014-12-12 06:56:01,2,"EYF3",3,"undefined"
"8","213.87.135.121",1418396209467,"undefined","","HSElist4Dec12","","",NA,1,2014-12-12 06:56:27,3,"EYF3",3,"undefined"
"9","213.87.135.121",1418396267726,"undefined","","HSElist4Dec12","","Ошибка!",1418396229206,1,2014-12-12 06:57:29,4,"EYF3",3,"undefined"
"10","212.13.112.162",1418411276373,"undefined","","HSElist4Dec12","","",NA,NA,2014-12-12 11:07:57,1,"MBO4",4,"undefined"
"11","212.13.112.162",1418411295586,"undefined","","HSElist4Dec12","","",NA,NA,2014-12-12 11:08:16,2,"MBO4",4,"undefined"
"12","212.13.112.162",1418411306205,"undefined","","HSElist4Dec12","","",NA,1,2014-12-12 11:08:26,3,"MBO4",4,"undefined"
"13","212.13.112.162",1418411315672,"undefined","","HSElist4Dec12","","Ошибка!",3367,1,2014-12-12 11:08:36,4,"MBO4",4,"undefined"
"14","212.13.112.162",1418411325428,"undefined","","HSElist4Dec12","","Ошибка!",4823,1,2014-12-12 11:08:46,5,"MBO4",4,"undefined"
"15","212.13.112.162",1418411337637,"undefined","","HSElist4Dec12","","",NA,1,2014-12-12 11:08:58,6,"MBO4",4,"undefined"
"16","212.13.112.162",1418411348624,"undefined","","HSElist4Dec12","","Ошибка!",2813,1,2014-12-12 11:09:09,7,"MBO4",4,"undefined"
"17","212.13.112.162",1418411365141,"1_4_fill","NM_Pl","HSElist4Dec12","fill","Ошибка!",4409,1,2014-12-12 11:09:26,9,"MBO4",4,"stimulus.ejs"
"18","212.13.112.162",1418411376524,"2_4_exp","NM_Sg","HSElist4Dec12","exp","Ошибка!",5667,1,2014-12-12 11:09:36,10,"MBO4",4,"stimulus.ejs"
"19","212.13.112.162",1418411388341,"3_4_exp","M_Sg","HSElist4Dec12","exp","",NA,1,2014-12-12 11:09:49,11,"MBO4",4,"stimulus.ejs"
"20","212.13.112.162",1418411398829,"4_4_fill","NM_Pauc","HSElist4Dec12","fill","Ошибка!",4374,1,2014-12-12 11:09:59,12,"MBO4",4,"stimulus.ejs"
"21","212.13.112.162",1418411410115,"5_4_exp","NM_Pl","HSElist4Dec12","exp","Ошибка!",5476,1,2014-12-12 11:10:10,13,"MBO4",4,"stimulus.ejs"
"22","212.13.112.162",1418411420777,"6_4_fill","M_Pl","HSElist4Dec12","fill","",NA,1,2014-12-12 11:10:21,14,"MBO4",4,"stimulus.ejs"
"23","176.14.39.196",1418462239567,"undefined","","HSElist4Dec12","","",NA,NA,2014-12-13 01:23:20,1,"TRB5",5,"undefined"
"24","176.14.39.196",1418462255786,"undefined","","HSElist4Dec12","","",NA,NA,2014-12-13 01:23:36,2,"TRB5",5,"undefined"
"25","176.14.39.196",1418462273549,"undefined","","HSElist4Dec12","","",NA,1,2014-12-13 01:23:54,3,"TRB5",5,"undefined"
"26","176.14.39.196",1418462284521,"undefined","","HSElist4Dec12","","Ошибка!",4705,1,2014-12-13 01:24:05,4,"TRB5",5,"undefined"
"27","176.14.39.196",1418462294227,"undefined","","HSElist4Dec12","","",NA,1,2014-12-13 01:24:14,5,"TRB5",5,"undefined"
"28","176.14.39.196",1418462306855,"undefined","","HSElist4Dec12","","Ошибка!",8294,1,2014-12-13 01:24:27,6,"TRB5",5,"undefined"
"29","176.14.39.196",1418462316352,"undefined","","HSElist4Dec12","","Ошибка!",3071,1,2014-12-13 01:24:36,7,"TRB5",5,"undefined"
"30","176.14.39.196",1418462330351,"1_4_fill","NM_Pl","HSElist4Dec12","fill","Ошибка!",4286,1,2014-12-13 01:24:50,9,"TRB5",5,"stimulus.ejs"
"31","176.14.39.196",1418462341701,"2_4_exp","NM_Sg","HSElist4Dec12","exp","Ошибка!",5524,1,2014-12-13 01:25:02,10,"TRB5",5,"stimulus.ejs"
"32","176.14.39.196",1418462353538,"3_4_exp","M_Sg","HSElist4Dec12","exp","Ошибка!",53,1,2014-12-13 01:25:14,11,"TRB5",5,"stimulus.ejs"
"33","176.14.39.196",1418462363012,"4_4_fill","NM_Pauc","HSElist4Dec12","fill","Ошибка!",4187,1,2014-12-13 01:25:23,12,"TRB5",5,"stimulus.ejs"
"34","176.14.39.196",1418462374787,"5_4_exp","NM_Pl","HSElist4Dec12","exp","Ошибка!",5588,1,2014-12-13 01:25:35,13,"TRB5",5,"stimulus.ejs"
"35","176.14.39.196",1418462384472,"6_4_fill","M_Pl","HSElist4Dec12","fill","",NA,1,2014-12-13 01:25:44,14,"TRB5",5,"stimulus.ejs"
"36","176.14.39.196",1418462394688,"7_4_fill","M_Pauc","HSElist4Dec12","fill","",NA,1,2014-12-13 01:25:55,15,"TRB5",5,"stimulus.ejs"
"37","176.14.39.196",1418462406013,"8_4_exp","M_Pl","HSElist4Dec12","exp","Ошибка!",6208,1,2014-12-13 01:26:06,16,"TRB5",5,"stimulus.ejs"
"38","176.14.39.196",1418462417137,"9_4_exp","NM_Sg","HSElist4Dec12","exp","Ошибка!",5698,1,2014-12-13 01:26:18,17,"TRB5",5,"stimulus.ejs"
"39","176.14.39.196",1418462428163,"10_4_fill","M_Pl","HSElist4Dec12","fill","",NA,1,2014-12-13 01:26:28,18,"TRB5",5,"stimulus.ejs"
"40","176.14.39.196",1418462439053,"11_4_exp","M_Sg","HSElist4Dec12","exp","",NA,1,2014-12-13 01:26:39,19,"TRB5",5,"stimulus.ejs"
"41","176.14.39.196",1418462449201,"12_4_fill","NM_Pl","HSElist4Dec12","fill","Ошибка!",4014,1,2014-12-13 01:26:49,20,"TRB5",5,"stimulus.ejs"
"42","176.14.39.196",1418462459238,"13_4_fill","NM_Pauc","HSElist4Dec12","fill","Ошибка!",89,1,2014-12-13 01:26:59,21,"TRB5",5,"stimulus.ejs"
"43","176.14.39.196",1418462471564,"14_4_exp","NM_Pl","HSElist4Dec12","exp","Ошибка!",5507,1,2014-12-13 01:27:12,22,"TRB5",5,"stimulus.ejs"
"44","176.14.39.196",1418462482357,"15_4_exp","M_Pl","HSElist4Dec12","exp","Ошибка!",5047,1,2014-12-13 01:27:22,23,"TRB5",5,"stimulus.ejs"
"45","176.14.39.196",1418462493216,"16_4_fill","NM_Pl","HSElist4Dec12","fill","Ошибка!",3859,1,2014-12-13 01:27:33,24,"TRB5",5,"stimulus.ejs"
"46","176.14.39.196",1418462504789,"17_4_exp","NM_Sg","HSElist4Dec12","exp","Ошибка!",5441,1,2014-12-13 01:27:45,25,"TRB5",5,"stimulus.ejs"
"47","176.14.39.196",1418462514412,"18_4_fill","M_Pauc","HSElist4Dec12","fill","",NA,1,2014-12-13 01:27:54,26,"TRB5",5,"stimulus.ejs"
"48","176.14.39.196",1418462549545,"19_4_fill","M_Pl","HSElist4Dec12","fill","",NA,1,2014-12-13 01:28:30,27,"TRB5",5,"stimulus.ejs"
"49","176.14.39.196",1418462560453,"20_4_exp","M_Sg","HSElist4Dec12","exp","",NA,1,2014-12-13 01:28:40,28,"TRB5",5,"stimulus.ejs"
"50","176.14.39.196",1418462572089,"21_4_exp","NM_Pl","HSElist4Dec12","exp","Ошибка!",5889,1,2014-12-13 01:28:52,29,"TRB5",5,"stimulus.ejs"
"51","176.14.39.196",1418462644816,"undefined","","HSElist4Dec12","","",NA,NA,2014-12-13 01:30:05,1,"RPC6",6,"undefined"
"52","91.200.224.80",1418513271170,"undefined","","HSElist4Dec12","","",NA,NA,2014-12-13 15:27:51,1,"DWV7",7,"undefined"
"53","91.200.224.80",1418513275985,"undefined","","HSElist4Dec12","","",NA,NA,2014-12-13 15:27:56,2,"DWV7",7,"undefined"
"54","91.200.224.80",1418513288979,"undefined","","HSElist4Dec12","","",NA,1,2014-12-13 15:28:09,3,"DWV7",7,"undefined"
"55","91.200.224.80",1418513300438,"undefined","","HSElist4Dec12","","Ошибка!",4000,1,2014-12-13 15:28:20,4,"DWV7",7,"undefined"
"56","91.200.224.80",1418513311739,"undefined","","HSElist4Dec12","","Ошибка!",1418513302268,1,2014-12-13 15:28:32,5,"DWV7",7,"undefined"
"57","91.200.224.80",1418513325903,"undefined","","HSElist4Dec12","","Ошибка!",1418513313485,1,2014-12-13 15:28:46,6,"DWV7",7,"undefined"
"58","91.200.224.80",1418513336413,"undefined","","HSElist4Dec12","","Ошибка!",3048,1,2014-12-13 15:28:56,7,"DWV7",7,"undefined"
"59","91.200.224.80",1418513348478,"1_4_fill","NM_Pl","HSElist4Dec12","fill","Ошибка!",4674,1,2014-12-13 15:29:08,9,"DWV7",7,"stimulus.ejs"
"60","91.200.224.80",1418513360297,"2_4_exp","NM_Sg","HSElist4Dec12","exp","Ошибка!",1418513349437,1,2014-12-13 15:29:20,10,"DWV7",7,"stimulus.ejs"
"61","178.66.144.31",1418673822072,"undefined","","HSElist4Dec12","","",NA,NA,2014-12-15 12:03:48,1,"TNS8",8,"undefined"
"62","178.66.144.31",1418673829861,"undefined","","HSElist4Dec12","","",NA,NA,2014-12-15 12:03:55,2,"TNS8",8,"undefined"
"63","178.66.144.31",1418673843160,"undefined","","HSElist4Dec12","","",NA,1,2014-12-15 12:04:09,3,"TNS8",8,"undefined"
"64","178.66.144.31",1418673855117,"undefined","","HSElist4Dec12","","Ошибка!",5874,1,2014-12-15 12:04:20,4,"TNS8",8,"undefined"
"65","178.66.144.31",1418673865325,"undefined","","HSElist4Dec12","","Ошибка!",5609,1,2014-12-15 12:04:31,5,"TNS8",8,"undefined"
"66","178.66.144.31",1418673877100,"undefined","","HSElist4Dec12","","",NA,1,2014-12-15 12:04:42,6,"TNS8",8,"undefined"
"67","178.66.144.31",1418673886599,"undefined","","HSElist4Dec12","","Ошибка!",5088,1,2014-12-15 12:04:52,7,"TNS8",8,"undefined"
"68","178.66.144.31",1418673900108,"1_4_fill","NM_Pl","HSElist4Dec12","fill","Ошибка!",6378,1,2014-12-15 12:05:06,9,"TNS8",8,"stimulus.ejs"
"69","178.66.144.31",1418673911101,"2_4_exp","NM_Sg","HSElist4Dec12","exp","Ошибка!",7635,1,2014-12-15 12:05:16,10,"TNS8",8,"stimulus.ejs"
"70","178.66.144.31",1418673922771,"3_4_exp","M_Sg","HSElist4Dec12","exp","",NA,1,2014-12-15 12:05:28,11,"TNS8",8,"stimulus.ejs"
"71","178.66.144.31",1418673932160,"4_4_fill","NM_Pauc","HSElist4Dec12","fill","Ошибка!",5971,1,2014-12-15 12:05:38,12,"TNS8",8,"stimulus.ejs"
"72","178.66.144.31",1418673943487,"5_4_exp","NM_Pl","HSElist4Dec12","exp","Ошибка!",8170,1,2014-12-15 12:05:49,13,"TNS8",8,"stimulus.ejs"
"73","178.66.144.31",1418673953616,"6_4_fill","M_Pl","HSElist4Dec12","fill","",NA,1,2014-12-15 12:05:59,14,"TNS8",8,"stimulus.ejs"
"74","178.66.144.31",1418673963802,"7_4_fill","M_Pauc","HSElist4Dec12","fill","",NA,1,2014-12-15 12:06:09,15,"TNS8",8,"stimulus.ejs"
"75","178.66.144.31",1418673974652,"8_4_exp","M_Pl","HSElist4Dec12","exp","",NA,1,2014-12-15 12:06:20,16,"TNS8",8,"stimulus.ejs"
"76","178.66.144.31",1418673985767,"9_4_exp","NM_Sg","HSElist4Dec12","exp","Ошибка!",7692,1,2014-12-15 12:06:31,17,"TNS8",8,"stimulus.ejs"
"77","178.66.144.31",1418673997086,"10_4_fill","M_Pl","HSElist4Dec12","fill","",NA,1,2014-12-15 12:06:43,18,"TNS8",8,"stimulus.ejs"
"78","178.66.144.31",1418674010473,"11_4_exp","M_Sg","HSElist4Dec12","exp","",NA,1,2014-12-15 12:06:56,19,"TNS8",8,"stimulus.ejs"
"79","178.66.144.31",1418674020926,"12_4_fill","NM_Pl","HSElist4Dec12","fill","Ошибка!",7013,1,2014-12-15 12:07:06,20,"TNS8",8,"stimulus.ejs"
"80","178.66.144.31",1418674031965,"13_4_fill","NM_Pauc","HSElist4Dec12","fill","Ошибка!",5788,1,2014-12-15 12:07:17,21,"TNS8",8,"stimulus.ejs"
"81","178.66.144.31",1418674044424,"14_4_exp","NM_Pl","HSElist4Dec12","exp","Ошибка!",6697,1,2014-12-15 12:07:30,22,"TNS8",8,"stimulus.ejs"
"82","178.66.144.31",1418674055314,"15_4_exp","M_Pl","HSElist4Dec12","exp","Ошибка!",8700,1,2014-12-15 12:07:40,23,"TNS8",8,"stimulus.ejs"
"83","178.66.144.31",1418674066330,"16_4_fill","NM_Pl","HSElist4Dec12","fill","Ошибка!",7788,1,2014-12-15 12:07:52,24,"TNS8",8,"stimulus.ejs"
"84","178.66.144.31",1418674077844,"17_4_exp","NM_Sg","HSElist4Dec12","exp","Ошибка!",8198,1,2014-12-15 12:08:03,25,"TNS8",8,"stimulus.ejs"
"85","178.66.144.31",1418674087408,"18_4_fill","M_Pauc","HSElist4Dec12","fill","",NA,1,2014-12-15 12:08:13,26,"TNS8",8,"stimulus.ejs"
"86","178.66.144.31",1418674096459,"19_4_fill","M_Pl","HSElist4Dec12","fill","",NA,1,2014-12-15 12:08:22,27,"TNS8",8,"stimulus.ejs"
"87","178.66.144.31",1418674107128,"20_4_exp","M_Sg","HSElist4Dec12","exp","",NA,1,2014-12-15 12:08:32,28,"TNS8",8,"stimulus.ejs"
"88","213.87.139.196",1419281515560,"undefined","","HSElist4Dec12","","",NA,NA,2014-12-22 12:51:55,1,"GXX9",9,"undefined"
"89","213.87.139.196",1419281519716,"undefined","","HSElist4Dec12","","",NA,NA,2014-12-22 12:51:59,2,"GXX9",9,"undefined"
"90","213.87.139.196",1419281534261,"undefined","","HSElist4Dec12","","",NA,1,2014-12-22 12:52:14,3,"GXX9",9,"undefined"
"91","213.87.139.196",1419281580106,"undefined","","HSElist4Dec12","","Ошибка!",4896,1,2014-12-22 12:53:00,4,"GXX9",9,"undefined"
"92","213.87.139.196",1419281591347,"undefined","","HSElist4Dec12","","Ошибка!",4362,1,2014-12-22 12:53:11,5,"GXX9",9,"undefined"
"93","213.87.139.196",1419281604029,"undefined","","HSElist4Dec12","","",NA,1,2014-12-22 12:53:24,6,"GXX9",9,"undefined"
"94","213.87.139.196",1419281614021,"undefined","","HSElist4Dec12","","Ошибка!",3395,1,2014-12-22 12:53:34,7,"GXX9",9,"undefined"
"95","213.87.139.196",1419281630890,"1_4_fill","NM_Pl","HSElist4Dec12","fill","Ошибка!",4739,1,2014-12-22 12:53:51,9,"GXX9",9,"stimulus.ejs"
"96","213.87.139.196",1419281642257,"2_4_exp","NM_Sg","HSElist4Dec12","exp","Ошибка!",6350,1,2014-12-22 12:54:02,10,"GXX9",9,"stimulus.ejs"
"97","213.87.139.196",1419281654055,"3_4_exp","M_Sg","HSElist4Dec12","exp","",NA,1,2014-12-22 12:54:14,11,"GXX9",9,"stimulus.ejs"
"98","213.87.139.196",1419281663575,"4_4_fill","NM_Pauc","HSElist4Dec12","fill","Ошибка!",4464,1,2014-12-22 12:54:23,12,"GXX9",9,"stimulus.ejs"
"99","213.87.139.196",1419281675420,"5_4_exp","NM_Pl","HSElist4Dec12","exp","Ошибка!",5735,1,2014-12-22 12:54:35,13,"GXX9",9,"stimulus.ejs"
"100","213.87.139.196",1419281685076,"6_4_fill","M_Pl","HSElist4Dec12","fill","",NA,1,2014-12-22 12:54:45,14,"GXX9",9,"stimulus.ejs"
"101","213.87.139.196",1419281696774,"7_4_fill","M_Pauc","HSElist4Dec12","fill","",NA,1,2014-12-22 12:54:56,15,"GXX9",9,"stimulus.ejs"
"102","213.87.139.196",1419281707414,"8_4_exp","M_Pl","HSElist4Dec12","exp","",NA,1,2014-12-22 12:55:07,16,"GXX9",9,"stimulus.ejs"
"103","213.87.139.196",1419281730400,"9_4_exp","NM_Sg","HSElist4Dec12","exp","Ошибка!",1419281718694,1,2014-12-22 12:55:30,17,"GXX9",9,"stimulus.ejs"
"104","213.87.139.196",1419281741956,"10_4_fill","M_Pl","HSElist4Dec12","fill","",NA,1,2014-12-22 12:55:42,18,"GXX9",9,"stimulus.ejs"
"105","213.87.139.196",1419281753335,"11_4_exp","M_Sg","HSElist4Dec12","exp","",NA,1,2014-12-22 12:55:53,19,"GXX9",9,"stimulus.ejs"
"106","213.87.139.196",1419281764526,"12_4_fill","NM_Pl","HSElist4Dec12","fill","Ошибка!",5503,1,2014-12-22 12:56:04,20,"GXX9",9,"stimulus.ejs"
"107","213.87.139.196",1419281775534,"13_4_fill","NM_Pauc","HSElist4Dec12","fill","Ошибка!",5146,1,2014-12-22 12:56:15,21,"GXX9",9,"stimulus.ejs"
"108","213.87.139.196",1419281787199,"14_4_exp","NM_Pl","HSElist4Dec12","exp","Ошибка!",6032,1,2014-12-22 12:56:27,22,"GXX9",9,"stimulus.ejs"
"109","213.87.139.196",1419281797511,"15_4_exp","M_Pl","HSElist4Dec12","exp","",NA,1,2014-12-22 12:56:37,23,"GXX9",9,"stimulus.ejs"
"110","213.87.139.196",1419281812409,"16_4_fill","NM_Pl","HSElist4Dec12","fill","Ошибка!",1419281800731,1,2014-12-22 12:56:52,24,"GXX9",9,"stimulus.ejs"
"111","213.87.139.196",1419281823834,"17_4_exp","NM_Sg","HSElist4Dec12","exp","Ошибка!",5555,1,2014-12-22 12:57:04,25,"GXX9",9,"stimulus.ejs"
"112","213.87.139.196",1419281833357,"18_4_fill","M_Pauc","HSElist4Dec12","fill","",NA,1,2014-12-22 12:57:13,26,"GXX9",9,"stimulus.ejs"
"113","213.87.139.196",1419281842777,"19_4_fill","M_Pl","HSElist4Dec12","fill","",NA,1,2014-12-22 12:57:22,27,"GXX9",9,"stimulus.ejs"
"114","213.87.139.196",1419281853698,"20_4_exp","M_Sg","HSElist4Dec12","exp","",NA,1,2014-12-22 12:57:33,28,"GXX9",9,"stimulus.ejs"
"115","213.87.139.196",1419281864837,"21_4_exp","NM_Pl","HSElist4Dec12","exp","Ошибка!",6130,1,2014-12-22 12:57:44,29,"GXX9",9,"stimulus.ejs"
"116","213.87.139.196",1419281873999,"22_4_fill","M_Pauc","HSElist4Dec12","fill","",NA,1,2014-12-22 12:57:54,30,"GXX9",9,"stimulus.ejs"
"117","213.87.139.196",1419281885013,"23_4_exp","M_Pl","HSElist4Dec12","exp","",NA,1,2014-12-22 12:58:05,31,"GXX9",9,"stimulus.ejs"
"118","213.87.139.196",1419281894531,"24_4_fill","NM_Pauc","HSElist4Dec12","fill","Ошибка!",4827,1,2014-12-22 12:58:14,32,"GXX9",9,"stimulus.ejs"
"119","213.87.139.196",1419281904192,"25_4_fill","NM_Pl","HSElist4Dec12","fill","Ошибка!",4940,1,2014-12-22 12:58:24,33,"GXX9",9,"stimulus.ejs"
"120","213.87.139.196",1419281915892,"26_4_exp","NM_Sg","HSElist4Dec12","exp","Ошибка!",6542,1,2014-12-22 12:58:36,34,"GXX9",9,"stimulus.ejs"
"121","213.87.139.196",1419281926946,"27_4_exp","M_Sg","HSElist4Dec12","exp","",NA,1,2014-12-22 12:58:47,35,"GXX9",9,"stimulus.ejs"
"122","213.87.139.196",1419281937211,"28_4_fill","NM_Pauc","HSElist4Dec12","fill","Ошибка!",5199,1,2014-12-22 12:58:57,36,"GXX9",9,"stimulus.ejs"
"123","213.87.139.196",1419281948543,"29_4_exp","NM_Pl","HSElist4Dec12","exp","Ошибка!",5902,1,2014-12-22 12:59:08,37,"GXX9",9,"stimulus.ejs"
"124","213.87.139.196",1419281960614,"30_4_fill","M_Pl","HSElist4Dec12","fill","",NA,1,2014-12-22 12:59:20,38,"GXX9",9,"stimulus.ejs"
"125","213.87.139.196",1419281970370,"31_4_fill","M_Pauc","HSElist4Dec12","fill","",NA,1,2014-12-22 12:59:30,39,"GXX9",9,"stimulus.ejs"
"126","213.87.139.196",1419281981282,"32_4_exp","M_Pl","HSElist4Dec12","exp","",NA,1,2014-12-22 12:59:41,40,"GXX9",9,"stimulus.ejs"
"127","213.87.139.196",1419281992931,"33_4_exp","NM_Sg","HSElist4Dec12","exp","Ошибка!",5710,1,2014-12-22 12:59:53,41,"GXX9",9,"stimulus.ejs"
"128","213.87.139.196",1419282003939,"34_4_fill","M_Pl","HSElist4Dec12","fill","",NA,1,2014-12-22 13:00:04,42,"GXX9",9,"stimulus.ejs"
"129","213.87.139.196",1419282015092,"35_4_exp","M_Sg","HSElist4Dec12","exp","",NA,1,2014-12-22 13:00:15,43,"GXX9",9,"stimulus.ejs"
"130","213.87.139.196",1419282025628,"36_4_fill","NM_Pl","HSElist4Dec12","fill","Ошибка!",4734,1,2014-12-22 13:00:25,44,"GXX9",9,"stimulus.ejs"
"131","213.87.139.196",1419282035751,"37_4_fill","NM_Pauc","HSElist4Dec12","fill","Ошибка!",4679,1,2014-12-22 13:00:35,45,"GXX9",9,"stimulus.ejs"
"132","213.87.139.196",1419282047359,"38_4_exp","NM_Pl","HSElist4Dec12","exp","Ошибка!",6055,1,2014-12-22 13:00:47,46,"GXX9",9,"stimulus.ejs"
"133","213.87.139.196",1419282059158,"39_4_exp","M_Pl","HSElist4Dec12","exp","",NA,1,2014-12-22 13:00:59,47,"GXX9",9,"stimulus.ejs"
"134","213.87.139.196",1419282069418,"40_4_fill","NM_Pl","HSElist4Dec12","fill","Ошибка!",5006,1,2014-12-22 13:01:09,48,"GXX9",9,"stimulus.ejs"
"135","213.87.139.196",1419282080572,"41_4_exp","NM_Sg","HSElist4Dec12","exp","Ошибка!",5728,1,2014-12-22 13:01:20,49,"GXX9",9,"stimulus.ejs"
"136","213.87.139.196",1419282090551,"42_4_fill","M_Pauc","HSElist4Dec12","fill","",NA,1,2014-12-22 13:01:30,50,"GXX9",9,"stimulus.ejs"
"137","213.87.139.196",1419282101882,"43_4_fill","M_Pl","HSElist4Dec12","fill","",NA,1,2014-12-22 13:01:41,51,"GXX9",9,"stimulus.ejs"
"138","213.87.139.196",1419282113171,"44_4_exp","M_Sg","HSElist4Dec12","exp","",NA,1,2014-12-22 13:01:53,52,"GXX9",9,"stimulus.ejs"
"139","213.87.139.196",1419282125056,"45_4_exp","NM_Pl","HSElist4Dec12","exp","Ошибка!",6887,1,2014-12-22 13:02:05,53,"GXX9",9,"stimulus.ejs"
"140","213.87.139.196",1419282135095,"46_4_fill","M_Pauc","HSElist4Dec12","fill","",NA,1,2014-12-22 13:02:15,54,"GXX9",9,"stimulus.ejs"
"141","213.87.139.196",1419282146516,"47_4_exp","M_Pl","HSElist4Dec12","exp","",NA,1,2014-12-22 13:02:26,55,"GXX9",9,"stimulus.ejs"
"142","213.87.139.196",1419282156221,"48_4_fill","NM_Pauc","HSElist4Dec12","fill","Ошибка!",4974,1,2014-12-22 13:02:36,56,"GXX9",9,"stimulus.ejs"
"143","213.87.139.196",1419282165640,"49_4_fill","NM_Pl","HSElist4Dec12","fill","Ошибка!",4812,1,2014-12-22 13:02:45,57,"GXX9",9,"stimulus.ejs"
"144","213.87.139.196",1419282176928,"50_4_exp","NM_Sg","HSElist4Dec12","exp","Ошибка!",6279,1,2014-12-22 13:02:57,58,"GXX9",9,"stimulus.ejs"
"145","213.87.139.196",1419282189144,"51_4_exp","M_Sg","HSElist4Dec12","exp","Ошибка!",6680,1,2014-12-22 13:03:09,59,"GXX9",9,"stimulus.ejs"
"146","213.87.139.196",1419282200204,"52_4_fill","NM_Pauc","HSElist4Dec12","fill","Ошибка!",5377,1,2014-12-22 13:03:20,60,"GXX9",9,"stimulus.ejs"
"147","213.87.139.196",1419282211529,"53_4_exp","NM_Pl","HSElist4Dec12","exp","Ошибка!",5892,1,2014-12-22 13:03:31,61,"GXX9",9,"stimulus.ejs"
"148","213.87.139.196",1419282220862,"54_4_fill","M_Pl","HSElist4Dec12","fill","",NA,1,2014-12-22 13:03:40,62,"GXX9",9,"stimulus.ejs"
"149","213.87.139.196",1419282230575,"55_4_fill","M_Pauc","HSElist4Dec12","fill","",NA,1,2014-12-22 13:03:50,63,"GXX9",9,"stimulus.ejs"
"150","213.87.139.196",1419282242360,"56_4_exp","M_Pl","HSElist4Dec12","exp","",NA,1,2014-12-22 13:04:02,64,"GXX9",9,"stimulus.ejs"
"151","213.87.139.196",1419282253532,"57_4_exp","NM_Sg","HSElist4Dec12","exp","Ошибка!",5891,1,2014-12-22 13:04:13,65,"GXX9",9,"stimulus.ejs"
"152","213.87.139.196",1419282280590,"58_4_fill","M_Pl","HSElist4Dec12","fill","",NA,1,2014-12-22 13:04:40,66,"GXX9",9,"stimulus.ejs"
"153","213.87.139.196",1419282292306,"59_4_exp","M_Sg","HSElist4Dec12","exp","",NA,1,2014-12-22 13:04:52,67,"GXX9",9,"stimulus.ejs"
"154","213.87.139.196",1419282301821,"60_4_fill","NM_Pl","HSElist4Dec12","fill","Ошибка!",5608,1,2014-12-22 13:05:02,68,"GXX9",9,"stimulus.ejs"
"155","213.87.139.196",1419282314079,"61_4_fill","NM_Pauc","HSElist4Dec12","fill","Ошибка!",5220,1,2014-12-22 13:05:14,69,"GXX9",9,"stimulus.ejs"
"156","213.87.139.196",1419282327922,"62_4_exp","NM_Pl","HSElist4Dec12","exp","Ошибка!",6228,1,2014-12-22 13:05:28,70,"GXX9",9,"stimulus.ejs"
"157","213.87.139.196",1419282339568,"63_4_exp","M_Pl","HSElist4Dec12","exp","",NA,1,2014-12-22 13:05:39,71,"GXX9",9,"stimulus.ejs"
"158","213.87.139.196",1419282348721,"64_4_fill","M_Pauc","HSElist4Dec12","fill","",NA,1,2014-12-22 13:05:48,72,"GXX9",9,"stimulus.ejs"
"159","213.87.139.196",1419282358977,"65_4_exp","NM_Sg","HSElist4Dec12","exp","Ошибка!",6030,1,2014-12-22 13:05:59,73,"GXX9",9,"stimulus.ejs"
"160","95.28.7.96",1419284318593,"undefined","","HSElist4Dec12","","",NA,NA,2014-12-22 14:38:19,1,"SBU10",10,"undefined"
"161","95.28.7.96",1419284332173,"undefined","","HSElist4Dec12","","",NA,NA,2014-12-22 14:38:32,2,"SBU10",10,"undefined"
"162","95.28.7.96",1419284344901,"undefined","","HSElist4Dec12","","Ошибка!",6848,1,2014-12-22 14:38:45,3,"SBU10",10,"undefined"
"163","95.28.7.96",1419284375868,"undefined","","HSElist4Dec12","","Ошибка!",1419284346759,1,2014-12-22 14:39:16,4,"SBU10",10,"undefined"
"164","95.28.7.96",1419288238511,"undefined","","HSElist4Dec12","","",NA,NA,2014-12-22 14:41:13,1,"JSP11",11,"undefined"
"165","95.28.7.96",1419288240017,"undefined","","HSElist4Dec12","","",NA,NA,2014-12-22 14:41:14,2,"JSP11",11,"undefined"
"166","95.28.7.96",1419288249304,"undefined","","HSElist4Dec12","","",NA,1,2014-12-22 14:41:24,3,"JSP11",11,"undefined"
"167","95.28.7.96",1419288261797,"undefined","","HSElist4Dec12","","Ошибка!",2901,1,2014-12-22 14:41:36,4,"JSP11",11,"undefined"
"168","95.28.7.96",1419288272012,"undefined","","HSElist4Dec12","","Ошибка!",3286,1,2014-12-22 14:41:46,5,"JSP11",11,"undefined"
"169","95.28.7.96",1419288284645,"undefined","","HSElist4Dec12","","",NA,1,2014-12-22 14:41:59,6,"JSP11",11,"undefined"
"170","95.28.7.96",1419288301688,"undefined","","HSElist4Dec12","","Ошибка!",2952,1,2014-12-22 14:42:16,7,"JSP11",11,"undefined"
"171","95.28.7.96",1419288315207,"1_4_fill","NM_Pl","HSElist4Dec12","fill","Ошибка!",4353,1,2014-12-22 14:42:30,9,"JSP11",11,"stimulus.ejs"
"172","95.28.7.96",1419288326072,"2_4_exp","NM_Sg","HSElist4Dec12","exp","Ошибка!",5595,1,2014-12-22 14:42:40,10,"JSP11",11,"stimulus.ejs"
"173","95.28.7.96",1419288337586,"3_4_exp","M_Sg","HSElist4Dec12","exp","Ошибка!",5490,1,2014-12-22 14:42:52,11,"JSP11",11,"stimulus.ejs"
"174","95.28.7.96",1419288347570,"4_4_fill","NM_Pauc","HSElist4Dec12","fill","Ошибка!",4284,1,2014-12-22 14:43:02,12,"JSP11",11,"stimulus.ejs"
"175","95.28.7.96",1419288358880,"5_4_exp","NM_Pl","HSElist4Dec12","exp","Ошибка!",5531,1,2014-12-22 14:43:13,13,"JSP11",11,"stimulus.ejs"
"176","95.28.7.96",1419288368678,"6_4_fill","M_Pl","HSElist4Dec12","fill","",NA,1,2014-12-22 14:43:23,14,"JSP11",11,"stimulus.ejs"
"177","95.28.7.96",1419288378778,"7_4_fill","M_Pauc","HSElist4Dec12","fill","",NA,1,2014-12-22 14:43:33,15,"JSP11",11,"stimulus.ejs"
"178","95.28.7.96",1419288389624,"8_4_exp","M_Pl","HSElist4Dec12","exp","Ошибка!",6108,1,2014-12-22 14:43:44,16,"JSP11",11,"stimulus.ejs"
"179","95.28.7.96",1419288400396,"9_4_exp","NM_Sg","HSElist4Dec12","exp","Ошибка!",5419,1,2014-12-22 14:43:55,17,"JSP11",11,"stimulus.ejs"
"180","95.28.7.96",1419288411471,"10_4_fill","M_Pl","HSElist4Dec12","fill","",NA,1,2014-12-22 14:44:06,18,"JSP11",11,"stimulus.ejs"
